region_name,factors,t_test,factors_significant,F_test,shapiro,het_breuschpagan,durbin_watson,vif,add_const,coefs,mape
Санкт-Петербург,"['area', 'date_encoded', 'kitchen_area', 'rooms', 'levels', 'object_type', 'building_type', 'level']","[True, True, True, True, True, True, True, True, True]","['area', 'date_encoded', 'kitchen_area', 'rooms', 'levels', 'object_type', 'building_type', 'level']",True,False,False,True,"[False, True, True, True, True, True, True, True, True]",False,"[ 120949.48228507   53294.0031172   121208.42298801 -580634.46220483
  -73987.74700564  -23551.90226076 -125453.82526343   14945.0374833 ]",0.286043550959676
Московская область,"['area', 'levels', 'date_encoded', 'kitchen_area', 'object_type']","[True, True, True, True, True, True]","['area', 'levels', 'date_encoded', 'kitchen_area', 'object_type']",True,False,False,True,"[False, True, True, True, True, True]",False,"[ 55639.81406445  98222.07627515  29611.90248184  25679.79661041
 -37121.56648809]",0.3326830012276756
Нижегородская область,"['area', 'rooms', 'date_encoded', 'levels', 'object_type', 'kitchen_area']","[True, True, True, True, True, True, True]","['area', 'rooms', 'date_encoded', 'levels', 'object_type', 'kitchen_area']",True,False,False,True,"[False, True, True, True, True, True, True]",False,"[  94058.83850506 -877366.37564523   19090.15917897   43467.0643917
  -49856.55266906  -28833.58196004]",0.3776038953490468
Краснодарский край,"['area', 'date_encoded', 'building_type', 'rooms', 'object_type', 'levels', 'kitchen_area']","[True, True, True, True, True, True, True, True]","['area', 'date_encoded', 'building_type', 'rooms', 'object_type', 'levels', 'kitchen_area']",True,False,False,True,"[False, True, True, True, True, True, True, True]",False,"[  72855.05936403   27194.98221894 -246570.91791563 -281774.94989436
  -50385.39941305   11484.83633755    5592.31309687]",0.3256199459970478
Москва,"['area', 'date_encoded', 'building_type', 'object_type', 'levels', 'level']","[True, True, True, True, True, True, True]","['area', 'date_encoded', 'building_type', 'object_type', 'levels', 'level']",True,False,False,True,"[False, True, True, True, True, True, True]",False,"[ 129367.95666714   80502.04887589  432857.99262773 -118907.54577486
   51024.99739393   19450.64969852]",0.22828061419768422
Самарская область,"['area', 'levels', 'object_type', 'rooms', 'date_encoded', 'kitchen_area', 'building_type']","[True, True, True, True, True, True, True, True]","['area', 'levels', 'object_type', 'rooms', 'date_encoded', 'kitchen_area', 'building_type']",True,False,False,True,"[False, True, True, True, True, True, True, True]",False,"[  63097.19444804   44620.92268336  -69350.70261072 -403810.3507167
    2357.54331551   13014.12342573  -66425.17501367]",0.24763887753204378
Республика Татарстан,"['area', 'levels', 'rooms', 'date_encoded', 'kitchen_area', 'building_type']","[True, True, True, True, True, True, True]","['area', 'levels', 'rooms', 'date_encoded', 'kitchen_area', 'building_type']",True,False,False,True,"[False, True, True, True, True, True, True]",False,"[  72394.74901543   40214.21968026 -516688.14977362   13436.49986822
   28454.10529208  -62640.33668377]",0.27424820083367135
Ставропольский край,"['area', 'date_encoded', 'kitchen_area', 'rooms', 'levels', 'object_type', 'building_type']","[True, True, True, True, True, True, True, True]","['area', 'date_encoded', 'kitchen_area', 'rooms', 'levels', 'object_type', 'building_type']",True,False,False,True,"[False, True, True, True, True, True, True, True]",False,"[  46782.17075452   18617.17774696   22749.43323164 -253580.05323833
    2332.45041344  -12148.89158039  -63431.07841705]",0.213770799953368
Республика Башкортостан,"['area', 'levels', 'date_encoded', 'rooms', 'object_type', 'kitchen_area']","[True, True, True, True, True, True, True]","['area', 'levels', 'date_encoded', 'rooms', 'object_type', 'kitchen_area']",True,False,False,True,"[False, True, True, True, True, True, True]",False,"[  55011.98131985   79954.31361273   -3783.25441354 -212549.72111705
  -40011.78193451   -1505.91359706]",0.3190631669622959
Свердловская область,"['area', 'levels', 'rooms', 'date_encoded', 'kitchen_area', 'object_type', 'level']","[True, True, True, True, True, True, True, True]","['area', 'levels', 'rooms', 'date_encoded', 'kitchen_area', 'object_type', 'level']",True,False,False,True,"[False, True, True, True, True, True, True, True]",False,"[  72997.97473136   40652.29538848 -514302.38656967     911.36712541
   18382.32329797  -31384.65842838    7130.80104764]",0.34760135428039907
Ростовская область,"['area', 'levels', 'object_type', 'rooms', 'date_encoded', 'kitchen_area']","[True, True, True, True, True, True, True]","['area', 'levels', 'object_type', 'rooms', 'date_encoded', 'kitchen_area']",True,False,False,True,"[False, True, True, True, True, True, True]",False,"[  56585.80558464   34672.51885292  -54757.67979151 -234461.2413249
     240.18998271   12515.11489313]",0.2158458430925294
Республика Коми,"['area', 'levels', 'kitchen_area', 'object_type', 'date_encoded', 'level']","[True, True, True, True, True, True, True]","['area', 'levels', 'kitchen_area', 'object_type', 'date_encoded', 'level']",True,False,False,True,"[False, True, True, True, True, True, True]",False,"[ 35171.90526069  85043.82993275  33086.06038069 -47954.75629215
  -2863.03255546   9003.5964623 ]",0.3078299023684677
Челябинская область,"['area', 'levels', 'date_encoded', 'kitchen_area', 'object_type', 'building_type', 'rooms']","[True, True, True, True, True, True, True, True]","['area', 'levels', 'date_encoded', 'kitchen_area', 'object_type', 'building_type', 'rooms']",True,False,False,True,"[False, True, True, True, True, True, True, True]",False,"[ 35316.24314837  39400.36106599    400.58786463  13861.05508015
 -17864.69022234 -51343.80119025 -86888.31241474]",0.1876221106650494
Иркутская область,"['area', 'levels', 'date_encoded', 'rooms', 'kitchen_area', 'object_type', 'building_type']","[True, True, True, True, True, True, True, True]","['area', 'levels', 'date_encoded', 'rooms', 'kitchen_area', 'object_type', 'building_type']",True,False,False,True,"[False, True, True, True, True, True, True, True]",False,"[  52074.81268527   78234.11280381   21902.95090775 -346982.45393209
   -2891.06853989  -24600.08741415  -56361.42127723]",0.33348570456606325
Ленинградская область,"['area', 'levels', 'date_encoded', 'kitchen_area', 'object_type', 'level']","[True, True, True, True, True, True, True]","['area', 'levels', 'date_encoded', 'kitchen_area', 'object_type', 'level']",True,False,False,True,"[False, True, True, True, True, True, True]",False,"[ 41677.62366837  70349.03158028  24852.90773055  63023.20095446
 -31552.31916112  -1061.55913073]",0.33823933280083573
Пермский край,"['area', 'levels', 'date_encoded', 'kitchen_area', 'rooms', 'level', 'object_type']","[True, True, True, True, True, True, True, True]","['area', 'levels', 'date_encoded', 'kitchen_area', 'rooms', 'level', 'object_type']",True,False,False,True,"[False, True, True, True, True, True, True, True]",False,"[  43404.85489455   35953.78185504   10615.22042927   22716.63996056
 -129891.23931278    5496.96017503   -5714.63520394]",0.23781033223309445
Алтайский край,"['area', 'levels', 'date_encoded', 'rooms', 'object_type', 'building_type', 'kitchen_area']","[True, True, True, True, True, True, True, True]","['area', 'levels', 'date_encoded', 'rooms', 'object_type', 'building_type', 'kitchen_area']",True,False,False,True,"[False, True, True, True, True, True, True, True]",False,"[  47358.09269256   55660.40149526    4738.60730548 -283932.49741464
  -30473.95103928  -10456.3086615    -1046.02851322]",0.23775234887722008
Республика Бурятия,"['area', 'date_encoded', 'levels', 'building_type']","[True, True, True, True, True]","['area', 'date_encoded', 'levels', 'building_type']",True,False,False,True,"[False, True, True, True, True]",False,[  39459.89494309   31713.9727279    52962.41743022 -192739.60073133],0.2529767436577236
Ярославская область,"['area', 'rooms', 'date_encoded', 'kitchen_area', 'levels', 'building_type', 'object_type']","[True, True, True, True, True, True, True, True]","['area', 'rooms', 'date_encoded', 'kitchen_area', 'levels', 'building_type', 'object_type']",True,False,False,True,"[False, True, True, True, True, True, True, True]",False,"[  60869.41732618 -402546.00388169    5853.60045291   17105.49421926
    2926.297247    -60214.40494713   -7946.97824725]",0.23909566649434927
Удмуртская Республика,"['area', 'levels', 'date_encoded', 'kitchen_area', 'object_type', 'building_type', 'level']","[True, True, True, True, True, True, True, True]","['area', 'levels', 'date_encoded', 'kitchen_area', 'object_type', 'building_type', 'level']",True,False,False,True,"[False, True, True, True, True, True, True, True]",False,"[  38288.88409392   44935.3752562     7960.56022384   23383.26960735
   -7849.59293464 -129335.67813378   10451.29123598]",0.18840251348183698
Псковская область,"['area', 'date_encoded', 'levels', 'rooms', 'object_type', 'kitchen_area', 'building_type']","[True, True, True, True, True, True, True, True]","['area', 'date_encoded', 'levels', 'rooms', 'object_type', 'kitchen_area', 'building_type']",True,False,False,True,"[False, True, True, True, True, True, True, True]",False,"[  43042.84128217   10702.269334      3693.00615804 -194637.47901734
  -10483.85570768    6659.53377881  -37841.38556485]",0.19504646621620964
Республика Северная Осетия — Алания,"['area', 'date_encoded', 'levels', 'level', 'rooms', 'kitchen_area', 'building_type']","[True, True, True, True, True, True, True, True]","['area', 'date_encoded', 'levels', 'level', 'rooms', 'kitchen_area', 'building_type']",True,False,False,True,"[False, True, True, True, True, True, True, True]",False,"[ 33616.73752999  10056.80798276  58754.13676049 -61736.18052856
  62939.48217927  12646.16632566 -60870.54173522]",0.22393447408698047
Кемеровская область,"['area', 'levels', 'rooms', 'date_encoded', 'object_type', 'building_type']","[True, True, True, True, True, True, True]","['area', 'levels', 'rooms', 'date_encoded', 'object_type', 'building_type']",True,False,False,True,"[False, True, True, True, True, True, True]",False,"[ 4.57642356e+04  6.86356487e+04 -2.43407775e+05  9.38758901e+01
 -3.35646471e+04 -5.68683489e+04]",0.27642861372473704
Чувашская Республика,"['area', 'kitchen_area', 'date_encoded', 'building_type', 'levels', 'object_type', 'level']","[True, True, True, True, True, True, True, True]","['area', 'kitchen_area', 'date_encoded', 'building_type', 'levels', 'object_type', 'level']",True,False,False,True,"[False, True, True, True, True, True, True, True]",False,"[ 34385.64743095  57298.588918     2233.1475479   20422.65557074
   4765.67048952 -29814.83661154  -1106.34296685]",0.2294286478519453
Республика Марий Эл,"['area', 'kitchen_area', 'date_encoded', 'building_type', 'object_type', 'levels', 'level']","[True, True, True, True, True, True, True, True]","['area', 'kitchen_area', 'date_encoded', 'building_type', 'object_type', 'levels', 'level']",True,False,False,True,"[False, True, True, True, True, True, True, True]",False,"[ 29095.4976079   61503.97323522   -240.21342715 -12132.81563398
 -22891.62101337  11452.24272204  -3010.96830825]",0.2150848213347099
Кабардино-Балкарская Республика,"['area', 'object_type', 'levels', 'date_encoded', 'level', 'rooms', 'kitchen_area', 'building_type']","[True, True, True, True, True, True, True, True, True]","['area', 'object_type', 'levels', 'date_encoded', 'level', 'rooms', 'kitchen_area', 'building_type']",True,False,False,True,"[False, True, True, True, True, True, True, True, True]",False,"[ 35710.01535724 -66003.25512965  48610.41155155   6330.26164824
 -26186.3622388   61772.80131847  11733.90289384 -52417.21098695]",0.2726987634342817
Республика Мордовия,"['area', 'levels', 'kitchen_area', 'date_encoded', 'object_type', 'building_type', 'level']","[True, True, True, True, True, True, True, True]","['area', 'levels', 'kitchen_area', 'date_encoded', 'object_type', 'building_type', 'level']",True,False,False,True,"[False, True, True, True, True, True, True, True]",False,"[ 33899.70278556  53501.57372468  33335.28897218  -1235.15680463
 -32413.99990319 -22040.25416686  -5971.70591888]",0.21295100532393715
Красноярский край,"['area', 'date_encoded', 'levels', 'rooms', 'object_type', 'kitchen_area', 'building_type']","[True, True, True, True, True, True, True, True]","['area', 'date_encoded', 'levels', 'rooms', 'object_type', 'kitchen_area', 'building_type']",True,False,False,True,"[False, True, True, True, True, True, True, True]",False,"[  65264.70774433   14165.26493655   22175.35615135 -305355.52133145
  -29068.02972345  -10342.15821947  -52920.03906595]",0.2439713116979293
Тюменская область,"['area', 'date_encoded', 'levels', 'rooms', 'kitchen_area', 'object_type', 'building_type']","[True, True, True, True, True, True, True, True]","['area', 'date_encoded', 'levels', 'rooms', 'kitchen_area', 'object_type', 'building_type']",True,False,False,True,"[False, True, True, True, True, True, True, True]",False,"[  63446.69368353   20132.21269138   14588.85762528 -331493.09829523
   28516.53488387  -21095.01949301  -56813.63207744]",0.18027545548809695
Республика Хакасия,"['area', 'date_encoded', 'levels', 'kitchen_area', 'rooms', 'building_type', 'object_type']","[True, True, True, True, True, True, True, True]","['area', 'date_encoded', 'levels', 'kitchen_area', 'rooms', 'building_type', 'object_type']",True,False,False,True,"[False, True, True, True, True, True, True, True]",False,"[  42192.29883152   15553.81296659   47648.1850754    15258.1887649
 -228080.54745338  -33043.76236318  -19151.72984053]",0.31743100074451497
Новосибирская область,"['area', 'date_encoded', 'object_type', 'levels', 'building_type', 'rooms']","[True, True, True, True, True, True, True]","['area', 'date_encoded', 'object_type', 'levels', 'building_type', 'rooms']",True,False,False,True,"[False, True, True, True, True, True, True]",False,"[  29873.55290917   30110.97933517 -111383.96445126   80699.42502501
  134598.64508932  139277.72910449]",0.26413708191754465
Воронежская область,"['area', 'levels', 'date_encoded', 'kitchen_area', 'building_type']","[True, True, True, True, True, True]","['area', 'levels', 'date_encoded', 'kitchen_area', 'building_type']",True,False,False,True,"[False, True, True, True, True, True]",False,"[ 46031.04351792  17943.68179436   6179.73132715  10892.84832632
 -99116.75616219]",0.20988910640371658
Республика Карелия,"['area', 'levels', 'date_encoded', 'kitchen_area', 'object_type', 'building_type', 'level']","[True, True, True, True, True, True, True, True]","['area', 'levels', 'date_encoded', 'kitchen_area', 'object_type', 'building_type', 'level']",True,False,False,True,"[False, True, True, True, True, True, True, True]",False,"[  41161.94632422   13499.95674512   10187.3167208    35646.13598497
   20651.34269709 -136011.53860788    7434.44909689]",0.29625199035788685
Республика Дагестан,"['area', 'object_type', 'date_encoded', 'rooms', 'levels', 'level', 'kitchen_area']","[True, True, True, True, True, True, True, True]","['area', 'object_type', 'date_encoded', 'rooms', 'levels', 'level', 'kitchen_area']",True,False,False,True,"[False, True, True, True, True, True, True, True]",False,"[ 38359.46751171 -66301.23113698  15707.90927563 116813.04031359
  34362.27825576 -30088.65009638 -15922.63424804]",0.3178291807360671
Республика Саха (Якутия),"['area', 'levels', 'kitchen_area', 'building_type', 'date_encoded']","[True, True, True, True, True, True]","['area', 'levels', 'kitchen_area', 'building_type', 'date_encoded']",True,False,False,True,"[False, True, True, True, True, True]",False,"[ 34952.86167153 140089.40781571  32811.48761466  17662.86963048
   3130.94088174]",0.3892497744763586
Забайкальский край,"['area', 'levels', 'date_encoded', 'building_type', 'rooms', 'kitchen_area']","[True, True, True, True, True, True, True]","['area', 'levels', 'date_encoded', 'building_type', 'rooms', 'kitchen_area']",True,False,False,True,"[False, True, True, True, True, True, True]",False,"[  52426.8633378    86397.39137873   26832.66333328     680.7808158
 -422402.08882883  -26162.28813712]",0.3244656511848985
Республика Крым,"['area', 'rooms', 'levels', 'object_type', 'kitchen_area', 'date_encoded', 'building_type']","[True, True, True, True, True, True, True, True]","['area', 'rooms', 'levels', 'object_type', 'kitchen_area', 'date_encoded', 'building_type']",True,False,False,True,"[False, True, True, True, True, True, True, True]",False,"[ 104933.8411716  -700930.32167837   64447.98604708  -73454.24536361
   32441.72441816     712.69354435  -82497.31003444]",0.27289909063009526
Кировская область,"['area', 'levels', 'date_encoded', 'kitchen_area', 'object_type', 'level', 'rooms']","[True, True, True, True, True, True, True, True]","['area', 'levels', 'date_encoded', 'kitchen_area', 'object_type', 'level', 'rooms']",True,False,False,False,"[False, True, True, True, True, True, True, True]",False,"[ 48363.90017515  54877.02786643 -34610.44786103  36346.27965755
  35190.6653868   13201.64134871 -61244.40695493]",0.3089186753571887
Республика Калмыкия,"['area', 'rooms', 'date_encoded', 'levels', 'kitchen_area', 'level', 'object_type', 'building_type']","[True, True, True, True, True, True, True, True, True]","['area', 'rooms', 'date_encoded', 'levels', 'kitchen_area', 'level', 'object_type', 'building_type']",True,False,False,True,"[False, True, True, True, True, True, True, True, True]",False,"[  35862.94886853 -265494.36416027   16506.83960713   54103.07504284
   25275.07979083  -41713.77629868    9613.29734905  -48790.03092164]",0.21032479084866287
Республика Адыгея,"['area', 'date_encoded', 'levels', 'object_type', 'kitchen_area', 'building_type']","[True, True, True, True, True, True, True]","['area', 'date_encoded', 'levels', 'object_type', 'kitchen_area', 'building_type']",True,False,False,True,"[False, True, True, True, True, True, True]",False,"[ 32137.63492493  17431.93777628  38701.89957317 -14627.3473965
   9363.21753026 -70366.59165732]",0.16094872624962112
Карачаево-Черкесская Республика,"['area', 'date_encoded', 'levels', 'building_type', 'level', 'kitchen_area', 'rooms']","[True, True, True, True, True, True, True, True]","['area', 'date_encoded', 'levels', 'building_type', 'level', 'kitchen_area', 'rooms']",True,False,False,True,"[False, True, True, True, True, True, True, True]",False,"[  45025.48113035   13920.12781283   31566.78774022   18692.50473579
  -31357.34432813  -20635.31386721 -134152.48764928]",0.23347649726911632
Республика Тыва,"['area', 'date_encoded', 'levels', 'building_type', 'object_type', 'kitchen_area', 'level']","[False, True, True, True, True, False, False, False]","['area', 'date_encoded', 'levels', 'building_type']",True,False,False,True,"[False, True, True, True, True]",False,[  41102.29490486   58668.6873484   113626.04483673 -157804.07643438],0.2913178221975359
Республика Ингушетия,"['area', 'date_encoded', 'building_type', 'object_type', 'level', 'levels', 'kitchen_area', 'rooms']","[False, True, True, True, True, True, True, True, False]","['area', 'date_encoded', 'building_type', 'object_type', 'level', 'levels', 'kitchen_area']",True,False,False,True,"[False, True, True, True, True, True, True, True]",False,"[  23251.71793095   21619.38017524 -126483.79968268  -31109.31290324
  -81286.41811174   80779.85925993   22719.9814149 ]",0.25895006275074434
Республика Алтай,"['area', 'levels', 'date_encoded', 'object_type', 'level']","[True, True, True, True, True, True]","['area', 'levels', 'date_encoded', 'object_type', 'level']",True,False,False,True,"[False, True, True, True, True, True]",False,"[ 25169.29991756 205276.75594992  22711.62766591 -39582.1578603
 -61703.39909044]",0.25223221997478507
Белгородская область,"['area', 'levels', 'date_encoded', 'kitchen_area', 'rooms']","[True, True, True, True, True, True]","['area', 'levels', 'date_encoded', 'kitchen_area', 'rooms']",True,False,False,True,"[False, True, True, True, True, True]",False,"[  53481.3855544    46879.87571487    3650.41461698   15703.71256091
 -262412.65360169]",0.2082280565285699
Архангельская область,"['area', 'kitchen_area', 'date_encoded', 'levels', 'building_type', 'level', 'rooms']","[True, True, True, True, True, True, True, True]","['area', 'kitchen_area', 'date_encoded', 'levels', 'building_type', 'level', 'rooms']",True,False,False,True,"[False, True, True, True, True, True, True, True]",False,"[  49704.67810324   79171.93746464    7676.18233597   24226.13023679
   -2752.55669568   20744.30250434 -108978.42134391]",0.254270007447437
Тверская область,"['area', 'date_encoded', 'building_type', 'kitchen_area', 'object_type', 'level']","[True, True, True, True, True, True, False]","['area', 'date_encoded', 'building_type', 'kitchen_area', 'object_type']",True,False,False,True,"[False, True, True, True, True, True]",False,"[41420.70727129 11862.28312421 36451.71054203 13641.75500287
 -9782.63101513]",0.13901797849119216
Пензенская область,"['area', 'date_encoded', 'levels', 'object_type', 'building_type', 'rooms', 'kitchen_area', 'level']","[True, True, True, True, True, True, True, True, True]","['area', 'date_encoded', 'levels', 'object_type', 'building_type', 'rooms', 'kitchen_area', 'level']",True,False,False,True,"[False, True, True, True, True, True, True, True, True]",False,"[  53131.16229077    5859.18422192   20615.81433239  -23598.02043568
  -82263.70179812 -142889.28132062   14588.74488657   10592.09790397]",0.20441918995885003
Ханты-Мансийский автономный округ,"['area', 'levels', 'kitchen_area', 'object_type', 'rooms', 'date_encoded', 'building_type']","[True, True, True, True, True, True, True, True]","['area', 'levels', 'kitchen_area', 'object_type', 'rooms', 'date_encoded', 'building_type']",True,False,False,True,"[False, True, True, True, True, True, True, True]",False,"[  67900.08634422   32434.46678272   45666.40551382  -42637.25507987
 -261105.04913032    3527.80660949  -80431.61554099]",0.18789820261301554
Липецкая область,"['area', 'levels', 'date_encoded', 'object_type', 'rooms']","[True, True, True, True, True, True]","['area', 'levels', 'date_encoded', 'object_type', 'rooms']",True,False,False,True,"[False, True, True, True, True, True]",False,"[  46221.46236276   34918.23015486    5907.46264556  -39862.59731201
 -163953.34309084]",0.19245223128796676
Владимирская область,"['area', 'levels', 'date_encoded', 'object_type', 'rooms', 'kitchen_area', 'building_type']","[True, True, True, True, True, True, True, True]","['area', 'levels', 'date_encoded', 'object_type', 'rooms', 'kitchen_area', 'building_type']",True,False,False,True,"[False, True, True, True, True, True, True, True]",False,"[  53559.88709304   45018.74463468    2829.39242391  -48900.19998053
 -415700.01212107   21820.07619741  -73854.32509122]",0.2540020858363541
Рязанская область,"['area', 'date_encoded', 'levels']","[True, True, True, True]","['area', 'date_encoded', 'levels']",True,False,False,True,"[False, True, True, True]",False,[46280.67347999  5921.59122195  6804.06348547],0.21173382594976795
Чеченская Республика,"['area', 'levels', 'date_encoded', 'rooms', 'object_type', 'level']","[True, True, True, True, True, True, True]","['area', 'levels', 'date_encoded', 'rooms', 'object_type', 'level']",True,False,False,True,"[False, True, True, True, True, True, True]",False,"[ 35755.00254655 135337.39726948  -9192.73543115  64840.22558004
 -28882.44933093 -24412.45367524]",0.28058551613391375
Смоленская область,"['area', 'rooms', 'levels', 'date_encoded', 'object_type', 'building_type', 'kitchen_area']","[True, True, True, True, True, True, True, True]","['area', 'rooms', 'levels', 'date_encoded', 'object_type', 'building_type', 'kitchen_area']",True,False,False,True,"[False, True, True, True, True, True, True, True]",False,"[  54375.06715443 -425003.93752369   19457.14125897    2618.78342477
  -19698.46870486  -15648.28153112    8165.8223811 ]",0.21379064579803403
Саратовская область,"['area', 'levels', 'object_type', 'date_encoded', 'building_type', 'kitchen_area', 'level', 'rooms']","[True, True, True, True, True, True, True, True, True]","['area', 'levels', 'object_type', 'date_encoded', 'building_type', 'kitchen_area', 'level', 'rooms']",True,False,False,True,"[False, True, True, True, True, True, True, True, True]",False,"[  44276.5709261    40619.64832617  -78350.82404714    1853.05592908
  -10954.69380063    6818.45854674   13024.5881241  -212091.12958983]",0.22128830993598744
Вологодская область,"['area', 'date_encoded', 'kitchen_area', 'rooms', 'object_type', 'building_type']","[True, True, True, True, True, True, True]","['area', 'date_encoded', 'kitchen_area', 'rooms', 'object_type', 'building_type']",True,False,False,True,"[False, True, True, True, True, True, True]",False,"[  49325.04089694   12914.17973672   23066.28227566 -178507.54903615
  -12284.41674893 -110281.06175103]",0.18216501460609577
Волгоградская область,"['area', 'levels', 'date_encoded', 'object_type', 'rooms', 'kitchen_area', 'building_type']","[True, True, True, True, True, True, True, True]","['area', 'levels', 'date_encoded', 'object_type', 'rooms', 'kitchen_area', 'building_type']",True,False,False,True,"[False, True, True, True, True, True, True, True]",False,"[  58966.24517425   54594.501321      -326.61254109  -53765.04161778
 -319945.16932998   13304.29668769  -96887.79309454]",0.23145725660860061
Калужская область,"['area', 'rooms', 'date_encoded', 'kitchen_area', 'object_type', 'levels', 'building_type', 'level']","[True, True, True, True, True, True, True, True, True]","['area', 'rooms', 'date_encoded', 'kitchen_area', 'object_type', 'levels', 'building_type', 'level']",True,False,False,True,"[False, True, True, True, True, True, True, True, True]",False,"[  72350.45225039 -377573.4293031    -1399.21089365   27360.88415736
  -38934.86266546    2656.12299358  -43603.5063588     9753.69357275]",0.21459787587224075
Тульская область,"['area', 'levels', 'rooms', 'date_encoded', 'kitchen_area', 'object_type']","[True, True, True, True, True, True, True]","['area', 'levels', 'rooms', 'date_encoded', 'kitchen_area', 'object_type']",True,False,False,True,"[False, True, True, True, True, True, True]",False,"[  60458.7369494    51661.26375216 -450033.61024316    1789.36017656
   25667.92402987  -18592.39755613]",0.2914446173642752
Тамбовская область,"['area', 'date_encoded', 'kitchen_area', 'object_type', 'building_type', 'levels', 'level']","[True, True, True, True, True, True, False, False]","['area', 'date_encoded', 'kitchen_area', 'object_type', 'building_type']",True,False,False,True,"[False, True, True, True, True, True]",False,"[ 38260.64119736  10161.32846981  60564.21593536 -32035.83334478
 -91938.69512884]",0.22885086016675393
Мурманская область,"['area', 'levels', 'date_encoded', 'kitchen_area', 'building_type', 'level', 'object_type']","[True, True, True, True, True, True, False, False]","['area', 'levels', 'date_encoded', 'kitchen_area', 'building_type']",True,False,False,True,"[False, True, True, True, True, True]",False,"[  41655.16227809   41374.34024863    9060.83399631   12249.56257739
 -106025.87586685]",0.31861544797790375
Новгородская область,"['area', 'levels', 'rooms', 'date_encoded', 'object_type', 'building_type', 'level']","[True, True, True, True, True, True, True, True]","['area', 'levels', 'rooms', 'date_encoded', 'object_type', 'building_type', 'level']",True,False,False,True,"[False, True, True, True, True, True, True, True]",False,"[  53846.19275958   38880.1657735  -340820.037137      6054.41003563
  -52814.22866679  -52405.05256981  -22202.33117847]",0.20941811635516472
Курская область,"['area', 'date_encoded', 'rooms', 'levels', 'kitchen_area', 'object_type', 'level']","[True, True, True, True, True, True, True, True]","['area', 'date_encoded', 'rooms', 'levels', 'kitchen_area', 'object_type', 'level']",True,False,False,True,"[False, True, True, True, True, True, True, True]",False,"[  54306.01779563   14910.44174123 -323531.29859354   -2918.26202488
    2671.05492839   -8890.01720614    8773.57284052]",0.22139676902375327
Хабаровский край,"['area', 'levels', 'rooms', 'building_type', 'date_encoded', 'kitchen_area', 'level', 'object_type']","[True, True, True, True, True, True, True, True, True]","['area', 'levels', 'rooms', 'building_type', 'date_encoded', 'kitchen_area', 'level', 'object_type']",True,False,False,True,"[False, True, True, True, True, True, True, True, True]",False,"[  88172.42415209  115774.73890896 -926209.00351663   -4322.79733619
   -8178.5272466    29655.23323719   25112.25872463  -27474.92684176]",0.4027298009514719
Брянская область,"['area', 'date_encoded', 'kitchen_area', 'levels', 'object_type', 'rooms']","[True, True, True, True, True, True, True]","['area', 'date_encoded', 'kitchen_area', 'levels', 'object_type', 'rooms']",True,False,False,True,"[False, True, True, True, True, True, True]",False,"[ 30735.97017601  11728.32314562  41720.94726747  12081.17955642
 -13408.86584595 -66926.0852635 ]",0.22006602652105234
Астраханская область,"['area', 'levels', 'date_encoded', 'kitchen_area', 'building_type', 'level', 'rooms', 'object_type']","[True, True, True, True, True, True, True, True, True]","['area', 'levels', 'date_encoded', 'kitchen_area', 'building_type', 'level', 'rooms', 'object_type']",True,False,False,True,"[False, True, True, True, True, True, True, True, True]",False,"[  42910.30768788   42364.10237809    3308.5311728    51547.3612862
  -77592.68494136   23658.44887836 -290452.26098526    -972.37225616]",0.2990662401804127
Калининградская область,"['area', 'date_encoded', 'object_type', 'kitchen_area', 'levels', 'level', 'building_type']","[True, True, True, True, True, True, True, True]","['area', 'date_encoded', 'object_type', 'kitchen_area', 'levels', 'level', 'building_type']",True,False,False,True,"[False, True, True, True, True, True, True, True]",False,"[  60322.54672126   39438.03654708 -102421.87593324   93964.02511059
  -91517.20974106   21778.91248519  -96644.98327085]",0.24653637880478493
Омская область,"['area', 'levels', 'date_encoded', 'building_type', 'object_type', 'rooms', 'kitchen_area']","[True, True, True, True, True, True, True, True]","['area', 'levels', 'date_encoded', 'building_type', 'object_type', 'rooms', 'kitchen_area']",True,False,False,True,"[False, True, True, True, True, True, True, True]",False,"[  61895.5523048    61139.94924654    8954.9783206   -26922.56019795
  -68165.82410488 -424919.70126744  -14280.31649561]",0.29704822411424897
Курганская область,"['area', 'levels', 'kitchen_area', 'date_encoded', 'building_type', 'level', 'object_type']","[True, True, True, True, True, True, False, False]","['area', 'levels', 'kitchen_area', 'date_encoded', 'building_type']",True,False,False,True,"[False, True, True, True, True, True]",False,"[ 31431.07666087  47101.64933207  19285.25794413  -3816.83122824
 -24401.41334492]",0.1943589463798494
Томская область,"['area', 'date_encoded', 'rooms', 'kitchen_area']","[True, True, True, True, True]","['area', 'date_encoded', 'rooms', 'kitchen_area']",True,False,False,True,"[False, True, True, True, True]",False,[  66544.83986493   10912.39588949 -375181.06795389   19205.10440775],0.21512364994614128
Ульяновская область,"['area', 'date_encoded', 'kitchen_area', 'levels', 'rooms', 'building_type', 'object_type']","[True, True, True, True, True, True, True, True]","['area', 'date_encoded', 'kitchen_area', 'levels', 'rooms', 'building_type', 'object_type']",True,False,False,True,"[False, True, True, True, True, True, True, True]",False,"[  47750.26296339    3798.67603721   17108.60800249    7828.75345767
 -207748.05125031  -34288.39528925   -2468.59230395]",0.2476998093621255
Оренбургская область,"['area', 'object_type', 'levels', 'building_type', 'date_encoded', 'kitchen_area', 'level']","[True, True, True, True, True, True, True, True]","['area', 'object_type', 'levels', 'building_type', 'date_encoded', 'kitchen_area', 'level']",True,False,False,True,"[False, True, True, True, True, True, True, True]",False,"[ 40410.35404474 -41318.80077281  27376.65877806  21518.19585253
   1316.66956166   5177.68385378  -3505.7110708 ]",0.12572382926590125
Костромская область,"['area', 'kitchen_area', 'date_encoded', 'rooms', 'levels', 'object_type', 'building_type']","[True, True, True, True, True, True, True, True]","['area', 'kitchen_area', 'date_encoded', 'rooms', 'levels', 'object_type', 'building_type']",True,False,False,True,"[False, True, True, True, True, True, True, True]",False,"[  50773.88451248   52528.90877324   12929.09177059 -311969.76034816
    4297.12144823  -12246.36122584  -77013.2548484 ]",0.21829597083588667
Орловская область,"['area', 'levels', 'date_encoded', 'object_type', 'rooms', 'building_type']","[True, True, True, True, True, True, True]","['area', 'levels', 'date_encoded', 'object_type', 'rooms', 'building_type']",True,False,False,True,"[False, True, True, True, True, True, True]",False,"[  64658.87361884   26260.3675891     9464.69049119  -42000.88833671
 -580467.39771249 -106853.41493769]",0.1941194776872044
Ивановская область,"['area', 'levels', 'date_encoded', 'kitchen_area', 'object_type', 'building_type', 'rooms', 'level']","[True, True, True, True, True, True, True, True, True]","['area', 'levels', 'date_encoded', 'kitchen_area', 'object_type', 'building_type', 'rooms', 'level']",True,False,False,True,"[False, True, True, True, True, True, True, True, True]",False,"[  36711.85795783   21490.34717476   11183.16107009   32469.45476695
  -16677.62296204  -51525.36060245 -158555.88831927    7908.21905494]",0.24719255769034978
Амурская область,"['area', 'date_encoded', 'levels', 'object_type', 'level', 'kitchen_area', 'rooms']","[True, True, True, True, True, True, True, True]","['area', 'date_encoded', 'levels', 'object_type', 'level', 'kitchen_area', 'rooms']",True,False,False,True,"[False, True, True, True, True, True, True, True]",False,"[  69060.48247902   38261.63714589   31770.81478841  -58662.30581955
   38009.23632158  -15929.78084607 -207760.00331361]",0.23037866739111934
